,NVCClass,NVCGroup,nGroupTotalCells,PAD1,PAD2,PAD3,PAD4,PAD1 km2,PAD2 km2,PAD3 km2,PAD4 km2,% Protected 1 & 2,"% Protected 1, 2 & 3"
0,Forest & Woodland,Appalachian Central Interior Mesic Forest,93498258,1112730.0,3456038.0,5423844.0,83505646.0,1001.457,3110.4341999999997,4881.4596,75155.0814,4.8864739276746745,10.68748468019586
1,Shrub & Herb Vegetation,Appalachian Mafic Glade,90,0.0,51.0,0.0,39.0,0.0,0.045899999999999996,0.0,0.0351,56.666666666666664,56.666666666666664
2,Forest & Woodland,Appalachian Oak / Chestnut Forest,122684952,3173985.0,5198432.0,16635805.0,97676730.0,2856.5865,4678.5887999999995,14972.2245,87909.057,6.824322676508851,20.384098939860205
3,Forest & Woodland,Appalachian-Allegheny Northern Hardwood - Conifer Forest,68819751,1661971.0,1723112.0,14374212.0,51060456.0,1495.7739,1550.8008,12936.790799999999,45954.4104,4.918766706958879,25.8055205692331
4,Shrub & Herb Vegetation,Arid West Interior Freshwater Marsh,4489004,202808.0,955566.0,567215.0,2763415.0,182.5272,860.0094,510.4935,2487.0735,25.804699661662138,38.440353361235594
5,Shrub & Herb Vegetation,Atlantic & Gulf Coast Fresh-Oligohaline Tidal Marsh,1196644,27028.0,333808.0,64826.0,770982.0,24.3252,300.42719999999997,58.343399999999995,693.8838,30.15399734591073,35.57131444272482
6,Shrub & Herb Vegetation,Atlantic & Gulf Coastal Brackish Tidal Marsh,292233,1371.0,57618.0,34712.0,198532.0,1.2339,51.8562,31.2408,178.6788,20.18560532178091,32.063798407435165
7,Shrub & Herb Vegetation,Atlantic & Gulf Coastal High Salt Marsh,24702655,1472498.0,4113341.0,1901684.0,17215132.0,1325.2482,3702.0069,1711.5156,15493.6188,22.612302199905233,30.310600216859278
8,Shrub & Herb Vegetation,Atlantic & Gulf Coastal Interdunal Marsh & Wet Prairie,2502,540.0,772.0,380.0,810.0,0.486,0.6948,0.34199999999999997,0.729,52.438049560351715,67.62589928057554
9,Shrub & Herb Vegetation,Atlantic & Gulf Coastal Plain Pondshore & Wet Prairie,1568855,79575.0,126717.0,359392.0,1003171.0,71.61749999999999,114.0453,323.45279999999997,902.8539,13.149207543080783,36.05712446338253
10,Shrub & Herb Vegetation,Atlantic & Gulf Coastal Plain Seep,8262,10.0,39.0,13.0,8200.0,0.009,0.0351,0.0117,7.38,0.5930767368675866,0.7504236262406196
11,Shrub & Herb Vegetation,Atlantic & Gulf Coastal Saline Flat & Panne,1118094,167274.0,78986.0,706.0,871128.0,150.54659999999998,71.0874,0.6354,784.0151999999999,22.024981799383596,22.0881249698147
12,Shrub & Herb Vegetation,Atlantic & Gulf Coatal Plain River & Basin Freshwater Marsh,2809804,233639.0,156376.0,843877.0,1575912.0,210.27509999999998,140.73839999999998,759.4893,1418.3208,13.880505544158952,43.91381035830258
13,Forest & Woodland,Bald-cypress - Tupelo Floodplain Forest,31666054,399998.0,2725930.0,3102198.0,25437928.0,359.9982,2453.337,2791.9782,22894.1352,9.871542567318302,19.6681468426726
14,Nonvascular & Sparse Vascular Rock Vegetation,Barren,9137165,595666.0,333344.0,787426.0,7420729.0,536.0994,300.0096,708.6834,6678.6561,10.167376861422554,18.785214013318136
15,Shrub & Herb Vegetation,Blackland & Coastal Tallgrass Prairie,4405736,25663.0,36095.0,4783.0,4339195.0,23.0967,32.4855,4.3046999999999995,3905.2754999999997,1.4017635191940687,1.5103265379496185
16,Open Rock Vegetation,"California Cliff, Scree & Rock Vegetation",251027,102737.0,21021.0,52361.0,74908.0,92.4633,18.9189,47.1249,67.4172,49.30067283598976,70.15938524541184
17,Forest & Woodland,California Coastal Redwood Forest,7523779,477907.0,973167.0,783702.0,5289003.0,430.11629999999997,875.8503,705.3317999999999,4760.1026999999995,19.286504826896163,29.702839490633632
18,Forest & Woodland,California Montane Conifer Forest & Woodland,72633168,9151293.0,1571633.0,39961937.0,21948305.0,8236.1637,1414.4696999999999,35965.7433,19753.4745,14.763125849061135,69.78198032061606
19,Shrub & Herb Vegetation,California Vernal Pool,4879,0.0,144.0,1546.0,3189.0,0.0,0.1296,1.3914,2.8701,2.9514244722279157,34.638245542119286
20,Forest & Woodland,Californian Broadleaf Forest & Woodland,46966984,1743685.0,2447150.0,11361384.0,31414765.0,1569.3165,2202.435,10225.2456,28273.2885,8.922938292141561,33.11308854747838
21,Shrub & Herb Vegetation,Californian Coastal Beach & Dune,156794,11577.0,32578.0,47654.0,64985.0,10.4193,29.3202,42.8886,58.4865,28.16115412579563,58.55389874612549
22,Forest & Woodland,Californian Conifer Forest & Woodland,390651,9454.0,47697.0,78714.0,254786.0,8.5086,42.927299999999995,70.8426,229.3074,14.629682248349548,34.77912510143325
23,Shrub & Herb Vegetation,Californian Maritime Chaparral,16866,6.0,2002.0,4001.0,10857.0,0.0054,1.8017999999999998,3.6008999999999998,9.7713,11.905608917348513,35.6278904304518
24,Shrub & Herb Vegetation,Californian Mesic & Pre-montane Chaparral,1014827,234224.0,36957.0,387639.0,356007.0,210.8016,33.2613,348.8751,320.4063,26.721894470683182,64.91943947096401
25,Forest & Woodland,Californian Moist Coastal Mixed Evergreen Forest,10379400,1060371.0,609728.0,4441978.0,4267323.0,954.3339,548.7552,3997.7801999999997,3840.5906999999997,16.090515829431375,58.886611942886866
26,Shrub & Herb Vegetation,Californian Native Perennial Grassland,38843648,965711.0,2238567.0,3855246.0,31784124.0,869.1399,2014.7103,3469.7214,28605.7116,8.249168564188409,18.17420444135422
27,Shrub & Herb Vegetation,Californian North Coastal & Mesic Scrub,205020,17935.0,26630.0,21128.0,139327.0,16.1415,23.967,19.0152,125.3943,21.736903716710565,32.04223978148473
28,Shrub & Herb Vegetation,Californian Xeric Chaparral,15731509,1977553.0,748158.0,6643520.0,6362278.0,1779.7976999999998,673.3421999999999,5979.168,5726.0502,17.326443381877734,59.557102881865944
29,Shrub & Herb Vegetation,Caribbean Coastal Beach & Dune Vegetation,39699,4527.0,7814.0,509.0,26849.0,4.0743,7.0325999999999995,0.4581,24.164099999999998,31.0864253507645,32.368573515705684
30,Forest & Woodland,Caribbean Fringe Mangrove,2875688,1964386.0,513353.0,115822.0,282127.0,1767.9474,462.0177,104.2398,253.9143,86.16160723972837,90.18923471530987
31,Forest & Woodland,Caribbean Hardwood Hammock & Coastal Strand Forest,34353,12457.0,815.0,5994.0,15087.0,11.2113,0.7334999999999999,5.3946,13.5783,38.63418042092393,56.08243821500306
32,Forest & Woodland,Caribbean Lowland Swamp,2085774,337160.0,39794.0,1381340.0,327480.0,303.444,35.8146,1243.206,294.73199999999997,18.07261956472753,84.29935362124564
33,Forest & Woodland,Cascadian Oregon White Oak - Conifer Forest & Woodland,3004606,36984.0,179046.0,440125.0,2348451.0,33.2856,161.1414,396.1125,2113.6059,7.1899610131910805,21.838304256864294
34,Shrub & Herb Vegetation,Central & Southern Appalachian Rocky Outcrop,6547,2797.0,1213.0,1316.0,1221.0,2.5173,1.0917,1.1844,1.0989,61.249427218573395,81.35023674965633
35,Shrub & Herb Vegetation,Central & Southern Appalachian Seep,405,80.0,66.0,108.0,151.0,0.072,0.0594,0.0972,0.1359,36.04938271604938,62.71604938271606
36,Shrub & Herb Vegetation,Central & Southern Californian Coastal Sage Scrub,9295471,640723.0,706205.0,2288008.0,5660535.0,576.6507,635.5844999999999,2059.2072,5094.4815,14.490153323053775,39.10437674433066
37,Forest & Woodland,Central &Southern Appalachian Red Spruce - Fir - Hardwood Forest,444717,167635.0,13421.0,222347.0,41314.0,150.8715,12.078899999999999,200.1123,37.1826,40.712632977826345,90.71004706363823
38,Forest & Woodland,Central Boreal Forest,28147269,2861849.0,3711931.0,10269076.0,11304413.0,2575.6641,3340.7379,9242.1684,10173.9717,23.35494786368084,59.83833102955744
39,Forest & Woodland,Central Flatwoods & Swamp Forest,1204496,14770.0,43888.0,66859.0,1078979.0,13.293,39.4992,60.1731,971.0811,4.869920697121452,10.420707084124812
40,Shrub & Herb Vegetation,Central Great Plains Mixedgrass Prairie,79889637,17643.0,363803.0,336679.0,79171512.0,15.8787,327.42269999999996,303.0111,71254.3608,0.4774661825037458,0.8988963111698705
41,Shrub & Herb Vegetation,Central Hardwoods Alkaline Open Glade & Barrens,3339380,103621.0,222776.0,262113.0,2750870.0,93.2589,200.4984,235.9017,2475.783,9.77417963813642,17.623331277063407
42,Shrub & Herb Vegetation,Central Interior Acidic Open Glade & Barrens,274182,14622.0,113959.0,3035.0,142566.0,13.159799999999999,102.56309999999999,2.7315,128.30939999999998,46.89622221735927,48.003151191544305
43,Shrub & Herb Vegetation,Central Interior-Appalachian Riverscour Barrens & Prairie,156,0.0,0.0,0.0,156.0,0.0,0.0,0.0,0.1404,0.0,0.0
44,Forest & Woodland,Central Midwest Oak Openings & Barrens,2083673,26503.0,203280.0,161401.0,1692489.0,23.8527,182.952,145.2609,1523.2401,11.027786029765707,18.773771124355886
45,Open Rock Vegetation,Central Midwest-Interior Cliff & Rock Vegetation,254430,10482.0,12312.0,96150.0,135486.0,9.4338,11.0808,86.535,121.9374,8.958849192312227,46.749204103289706
46,Forest & Woodland,Central Rocky Mountain Douglas-fir - Pine Forest,71451749,5786408.0,1482971.0,42306925.0,21875445.0,5207.7672,1334.6739,38076.2325,19687.9005,10.173829334814464,69.38431136234328
47,Shrub & Herb Vegetation,Central Rocky Mountain High Montane Mesic Shrubland,3235255,928185.0,125862.0,1820346.0,360862.0,835.3665,113.2758,1638.3114,324.7758,32.58002846761693,88.84594877374427
48,Shrub & Herb Vegetation,"Central Rocky Mountain Lower Montane, Foothill & Valley Grassland",31683229,1023226.0,1042743.0,6560437.0,23056823.0,920.9033999999999,938.4687,5904.3933,20751.1407,6.520702167067631,27.227041789206524
49,Forest & Woodland,Central Rocky Mountain Mesic Grand Fir - Douglas-fir Forest,24186252,961845.0,404866.0,16413850.0,6405691.0,865.6605,364.3794,14772.465,5765.1219,5.650776317058137,73.51515646161299
50,Shrub & Herb Vegetation,Central Rocky Mountain Montane Grassland,8131293,2654460.0,334396.0,4205960.0,936477.0,2389.014,300.9564,3785.364,842.8293,36.75745050633399,88.48304937480422
51,Shrub & Herb Vegetation,Central Rocky Mountain Montane-Foothill Deciduous Shrubland,8678841,577901.0,259587.0,3228970.0,4612383.0,520.1109,233.6283,2906.073,4151.1447,9.64976775124697,46.85485078019058
52,Forest & Woodland,Central Rocky Mountain Ponderosa Pine Open Woodland,33259821,655790.0,1436648.0,16845007.0,14322376.0,590.211,1292.9832,15160.5063,12890.1384,6.291188398157645,56.937904145665726
53,Shrub & Herb Vegetation,Central Tallgrass Prairie,16017115,24951.0,585794.0,381250.0,15025120.0,22.4559,527.2146,343.125,13522.608,3.8130774487165757,6.193343807545866
54,Desert & Semi-Desert,Chihuahuan Creosotebush - Mixed Desert Scrub,83101777,2645215.0,1892282.0,16104942.0,62459338.0,2380.6935,1703.0538,14494.4478,56213.4042,5.4601684389974,24.839948970044286
55,Desert & Semi-Desert,Chihuahuan Desert Foothill-Piedmont & Lower Montane Grassland,61275166,645611.0,3153791.0,18128648.0,39347116.0,581.0499,2838.4119,16315.7832,35412.4044,6.200557661483936,35.78619436135024
56,Desert & Semi-Desert,Chihuahuan Desert Lowland Basin Scrub,218207,11957.0,19327.0,33399.0,153524.0,10.7613,17.3943,30.0591,138.17159999999998,14.336845289106215,29.64295370909274
57,Desert & Semi-Desert,Chihuahuan Desert Sand Scrub,6904130,36210.0,59199.0,2504856.0,4303865.0,32.589,53.2791,2254.3704,3873.4784999999997,1.3819119860141682,37.66245710900577
58,Desert & Semi-Desert,Chihuahuan Desert Succulent Scrub,9125020,562931.0,116967.0,663344.0,7781778.0,506.6379,105.27029999999999,597.0096,7003.6002,7.450920655516372,14.7204280100208
59,Desert & Semi-Desert,Chihuahuan Gypsophilous Grassland,648577,106457.0,3584.0,62387.0,476149.0,95.8113,3.2256,56.1483,428.53409999999997,16.96652826110084,26.58558659958648
60,Desert & Semi-Desert,Chihuahuan Sandy Plains Semi-Desert Grassland,1089769,7856.0,30667.0,306210.0,745036.0,7.0704,27.6003,275.589,670.5323999999999,3.534969337538506,31.633584732177184
61,Desert & Semi-Desert,Chihuahuan Semi-Desert Lowland Grassland,3053938,1711.0,37564.0,118619.0,2896044.0,1.5399,33.8076,106.7571,2606.4396,1.2860444449101456,5.170176997699364
62,Forest & Woodland,Chinquapin Oak - Shumard Oak - Blue Ash Alkaline Forest,42141,0.0,292.0,31.0,41818.0,0.0,0.2628,0.027899999999999998,37.6362,0.6929118910324862,0.766474454806483
63,Forest & Woodland,Coastal Live Oak - Hickory - Palmetto Forest,2235179,110021.0,288018.0,125440.0,1711700.0,99.0189,259.2162,112.896,1540.53,17.807925002874487,23.42000349860123
64,Forest & Woodland,Coastal Plain Hardwood Basin Swamp,13678920,2005289.0,1047321.0,1843750.0,8782560.0,1804.7601,942.5889,1659.375,7904.304,22.31616238708904,35.794931178777276
65,Forest & Woodland,Coastal Plain Mixed Evergreen Swamp,19318022,671446.0,852108.0,2295756.0,15498712.0,604.3014,766.8972,2066.1803999999997,13948.8408,7.886697716774522,19.77070944426919
66,Desert & Semi-Desert,Colorado Plateau Blackbrush - Mormon-tea Shrubland,20953131,699671.0,1236237.0,6804430.0,12212793.0,629.7039,1112.6133,6123.987,10991.5137,9.239230165649229,41.71375628778343
67,Forest & Woodland,Colorado Plateau Pinyon - Juniper Woodland,119844057,2908458.0,11885410.0,51512993.0,53537196.0,2617.6122,10696.869,46361.693699999996,48183.4764,12.344265014326075,55.327617121639996
68,Forest & Woodland,Colorado Plateau-Great Basin Juniper Open Woodland,8699525,870100.0,150475.0,1906731.0,5772219.0,783.09,135.4275,1716.0579,5194.9971,11.731387633232849,33.64903256212264
69,Desert & Semi-Desert,Columbia Plateau Scabland Shrubland,6211197,23513.0,504976.0,1665872.0,4016836.0,21.1617,454.47839999999997,1499.2848,3615.1524,8.508649781998542,35.329116110791524
70,Forest & Woodland,Columbia Plateau Western Juniper Open Woodland,17050154,414223.0,1105472.0,7737243.0,7793216.0,372.8007,994.9248,6963.5187,7013.8944,8.913086650126445,54.29240111262338
71,Shrub & Herb Vegetation,Comanchian Oak - Juniver Scrub,43759439,0.0,413882.0,246561.0,43098996.0,0.0,372.49379999999996,221.9049,38789.0964,0.9458119424245818,1.5092583796606716
72,Forest & Woodland,Cross Timbers & East-Central Texas Plains Oak Forest & Woodland,42889861,103782.0,677141.0,494443.0,41614495.0,93.4038,609.4268999999999,444.9987,37453.0455,1.8207636532093217,2.973583896669658
73,Developed & Other Human Use,Current and Historic Mining Activity,4048491,6801.0,44810.0,328066.0,3668814.0,6.1209,40.329,295.25939999999997,3301.9326,1.2748206677500333,9.378235001633941
74,Developed & Other Human Use,Developed & Urban,504131818,980949.0,6319061.0,17391327.0,479440481.0,882.8541,5687.1548999999995,15652.1943,431496.4329,1.4480359579287654,4.897793814712167
75,Forest & Woodland,Dry-Mesic Loamy Longleaf Pine Woodland,26720789,124589.0,562955.0,1495560.0,24537685.0,112.1301,506.6595,1346.004,22083.9165,2.573067733890642,8.170058152100225
76,Forest & Woodland,East Cascades Mesic Grand Fir - Douglas-fir Forest,4605637,624725.0,171114.0,2415343.0,1394455.0,562.2524999999999,154.0026,2173.8087,1255.0095,17.27967271411099,69.7228635257186
77,"Polar & High Montane Scrub, Grassland & Barrens",Eastern Alpine Tundra,38500,25301.0,1037.0,5056.0,7106.0,22.7709,0.9333,4.5504,6.3953999999999995,68.41038961038961,81.54285714285714
78,Shrub & Herb Vegetation,Eastern Madrean Chaparral,71893,20457.0,10667.0,32240.0,8529.0,18.4113,9.600299999999999,29.016,7.6761,43.29211467041297,88.13653624135868
79,Shrub & Herb Vegetation,Eastern North American Boreal Acidic Bog & Fen,244885,0.0,2355.0,725.0,241805.0,0.0,2.1195,0.6525,217.62449999999998,0.9616758886824428,1.257733221716316
80,Shrub & Herb Vegetation,Eastern North American Freshwater Marsh,3836932,53693.0,699805.0,243188.0,2840246.0,48.323699999999995,629.8245,218.8692,2556.2214,19.63803372069143,25.976118419612337
81,Open Rock Vegetation,Eastern North American Temperate Cliff Vegetation,144878,18809.0,17040.0,33291.0,75738.0,16.9281,15.336,29.9619,68.1642,24.74426759066249,47.722911691216055
82,Forest & Woodland,Edwards Plateau Dry Forest & Woodland,37581003,4.0,528652.0,212538.0,36839809.0,0.0036,475.78679999999997,191.2842,33155.8281,1.4067107256291165,1.9722571002162983
83,Forest & Woodland,Edwards Plateau Dry-Mesic Hardwood Forest,222269,0.0,8389.0,1324.0,212556.0,0.0,7.5501,1.1916,191.3004,3.774255519213206,4.369930129707696
84,Shrub & Herb Vegetation,Florida Dry Prairie,965744,74961.0,58086.0,189364.0,643333.0,67.4649,52.2774,170.42759999999998,578.9997,13.776632316638779,33.38472721549396
85,Forest & Woodland,Great Basin Pinyon - Juniper Woodland,71643541,9236994.0,6888759.0,47087487.0,8430301.0,8313.2946,6199.8831,42378.7383,7587.2708999999995,22.508313764111687,88.23299228049044
86,Desert & Semi-Desert,Great Basin-Intermountain Shrub & Herb Wash-Arroyo,61493,3.0,8652.0,17798.0,35040.0,0.0027,7.7867999999999995,16.0182,31.535999999999998,14.074772738360464,43.01790447693234
87,Shrub & Herb Vegetation,Great Lakes Alvar,53601,544.0,5904.0,2609.0,44544.0,0.4896,5.3136,2.3481,40.0896,12.029626312941923,16.897072815805675
88,Shrub & Herb Vegetation,Great Lakes Dune,180337,1244.0,21120.0,10829.0,147144.0,1.1196,19.008,9.7461,132.4296,12.401226592435274,18.406095254994813
89,Forest & Woodland,Great Lakes Pine Barrens,9930672,43250.0,1576331.0,2891735.0,5419356.0,38.925,1418.6979,2602.5615,4877.4204,16.30887617675823,45.42810395912784
90,Open Rock Vegetation,Great Plains Badlands Vegetation,13992854,210497.0,1759906.0,4769054.0,7253397.0,189.44729999999998,1583.9153999999999,4292.1485999999995,6528.0572999999995,14.081494740100911,48.16356262989666
91,Forest & Woodland,Great Plains Bur Oak Forest & Woodland,3452792,5967.0,114534.0,201278.0,3131013.0,5.3703,103.0806,181.15019999999998,2817.9117,3.489958271451046,9.319385587084307
92,Open Rock Vegetation,"Great Plains Cliff, Scree & Rock Vegetation",516750,3296.0,12437.0,101070.0,399947.0,2.9663999999999997,11.193299999999999,90.963,359.9523,3.0446057087566523,22.603386550556362
93,Forest & Woodland,Great Plains Cottonwood - Green Ash Floodplain Forest,27048484,104297.0,1168888.0,2479028.0,23296271.0,93.8673,1051.9992,2231.1252,20966.6439,4.707047537303755,13.872174869393788
94,Forest & Woodland,Great Plains Mesic Forest & Woodland,5849376,36119.0,149545.0,733563.0,4930149.0,32.5071,134.5905,660.2067,4437.1341,3.174082158507164,15.714958313502159
95,Shrub & Herb Vegetation,Great Plains Sand Grassland,88940545,346321.0,959410.0,3217045.0,84417769.0,311.6889,863.4689999999999,2895.3405,75975.9921,1.468094219571063,5.085167850050841
96,Shrub & Herb Vegetation,Great Plains Sand Shrubland,35784980,19783.0,640075.0,1808232.0,33316890.0,17.8047,576.0675,1627.4088,29985.201,1.8439524068477893,6.896999802710522
97,Shrub & Herb Vegetation,Great Plains Shortgrass Prairie,238550713,96318.0,2073144.0,14624598.0,221756653.0,86.6862,1865.8296,13162.1382,199580.9877,0.9094342971005918,7.040037645999406
98,Shrub & Herb Vegetation,"Great Plains Wet Prairie, Wet Meadow & Seepage Fen",11143157,47186.0,727202.0,720242.0,9648527.0,42.4674,654.4818,648.2178,8683.6743,6.9494488859844665,13.412985206975007
99,Forest & Woodland,Hardwood Loblolly Pine Nonriverine Wet Flatwoods,2530927,9582.0,149103.0,67615.0,2304627.0,8.6238,134.1927,60.8535,2074.1643,6.2698370992130545,8.941387878828587
100,Desert & Semi-Desert,"Intermountain Basins Cliff, Scree & Badland Sparse Vegetation",47258079,2843633.0,10388104.0,19561532.0,14464810.0,2559.2697,9349.293599999999,17605.3788,13018.329,27.998888824913937,69.39187900549237
101,Forest & Woodland,Intermountain Basins Curl-leaf Mountain-mahogany Scrub & Woodland,6902446,1355468.0,449090.0,3943386.0,1154502.0,1219.9212,404.181,3549.0474,1039.0518,26.14374672398741,83.27401619657728
102,Forest & Woodland,Intermountain Basins Subalpine Limber Pine - Bristlecone Pine Woodland,731429,489139.0,73870.0,147151.0,21269.0,440.2251,66.483,132.4359,19.1421,76.97384161688969,97.09213061007972
103,Desert & Semi-Desert,Intermountain Dry Tall Sagebrush Stepp & Shrubland,282078009,3899234.0,15468687.0,126864195.0,135845893.0,3509.3106,13921.818299999999,114177.7755,122261.30369999999,6.866157723057382,51.841019623759465
104,Desert & Semi-Desert,Intermountain Dwarf Saltbush - Sagebrush Scrub,95449694,1407355.0,4272621.0,63279503.0,26490215.0,1266.6195,3845.3588999999997,56951.5527,23841.193499999998,5.950753493248496,72.24693564758834
105,Desert & Semi-Desert,Intermountain Low & Black Sagebrush Steppe & Shubland,31161538,362700.0,2739341.0,18260330.0,9799167.0,326.43,2465.4069,16434.297,8819.2503,9.954710836159627,68.55364776924682
106,Desert & Semi-Desert,Intermountain Mesic Tall Sagebrush Steppe & Shrubland,200104800,4657535.0,11671729.0,123486768.0,60288768.0,4191.7815,10504.5561,111138.0912,54259.8912,8.160355973469901,69.87140338462645
107,Desert & Semi-Desert,Intermountain Mountain Big Sagebrush Steppe & Shrubland,109376749,7216238.0,5710281.0,62862218.0,33588012.0,6494.6142,5139.2528999999995,56575.9962,30229.2108,11.818342671713529,69.29145151315478
108,Desert & Semi-Desert,Intermountain Semi-Desert Grassland,53200805,1259715.0,2458303.0,11013914.0,38468873.0,1133.7435,2212.4727,9912.5226,34621.9857,6.988649889790201,27.691182492445364
109,Desert & Semi-Desert,Intermountain Semi-Desert Steppe & Shrubland,54620783,883922.0,2863158.0,18514045.0,32359658.0,795.5298,2576.8422,16662.6405,29123.692199999998,6.860172619641867,40.75577788769524
110,Desert & Semi-Desert,Intermountain Shadscale - Saltbush Scrub,26023532,633330.0,1527136.0,12587150.0,11275916.0,569.997,1374.4224,11328.435,10148.3244,8.301970693294054,56.670309011090424
111,Desert & Semi-Desert,Intermountain Sparsely Vegetated Dune Scrub & Grassland,8727346,180294.0,910403.0,4079882.0,3556767.0,162.2646,819.3627,3671.8938,3201.0903,12.497464865034571,59.24572029114006
112,Introduced & Semi Natural Vegetation,Introduced & Semi Natural Vegetation,80340415,495344.0,2763171.0,14480810.0,62601090.0,445.8096,2486.8539,13032.729,56340.981,4.0558851980040185,22.08020085532294
113,Forest & Woodland,Laurentian Acadian Pine - Oak Forest & Woodland,10221681,312994.0,1290654.0,2395974.0,6222059.0,281.6946,1161.5886,2156.3766,5599.8531,15.688691517569369,39.12880865681486
114,Forest & Woodland,Laurentian Sub-boreal Mesic Balsam Fir - Spruce - Hardwood Forest,18491495,583080.0,1140373.0,6411633.0,10356409.0,524.7719999999999,1026.3356999999999,5770.4697,9320.7681,9.320246956776614,43.993663032653664
115,Forest & Woodland,Laurentian-Acadian Hardwood Forest,163237865,5474549.0,18533779.0,24030798.0,115198739.0,4927.0941,16680.4011,21627.7182,103678.8651,14.707572902892352,29.42891099439459
116,Forest & Woodland,Laurentian-Acadian Hemlock - White Pine - Hardwood Forest,20021839,440487.0,1375593.0,1689241.0,16516518.0,396.43829999999997,1238.0337,1520.3169,14864.8662,9.070495472468838,17.507487698807285
117,Forest & Woodland,Laurentian-Acadian-Appalachian Alkaline Swamp,41395182,607896.0,4494704.0,7584868.0,28707714.0,547.1064,4045.2336,6826.3812,25836.9426,12.3265552981504,30.649624876634196
118,Shrub & Herb Vegetation,Laurentian-Acadian-Northeast Wet Meadow,224175,5001.0,33649.0,14475.0,171050.0,4.5009,30.2841,13.0275,153.945,17.24099475855916,23.69800379168061
119,Forest & Woodland,Madrean Encinal,20363502,979723.0,1211715.0,7980783.0,10191281.0,881.7506999999999,1090.5435,7182.7047,9172.1529,10.761596900179548,49.95320058406457
120,Forest & Woodland,Madrean Juniper Open Woodland,1187602,21697.0,39622.0,496409.0,629874.0,19.5273,35.6598,446.7681,566.8865999999999,5.163261766147245,46.96253458650288
121,Forest & Woodland,Madrean Lower Montane Pine - Oak Forest & Woodland,5169798,688980.0,83046.0,2335300.0,2062472.0,620.082,74.7414,2101.77,1856.2248,14.933388113036525,60.10536581893528
122,Forest & Woodland,Madrean Pinyon - Juniper Woodland,10399625,774270.0,621039.0,4477636.0,4526680.0,696.843,558.9351,4029.8723999999997,4074.0119999999997,13.41691647535368,56.472661273844004
123,Forest & Woodland,Madrean Upper Montane Conifer - Oak Forest & Woodland,882532,161542.0,8442.0,484333.0,228215.0,145.3878,7.597799999999999,435.8997,205.3935,19.260944645633245,74.14088101054692
124,Forest & Woodland,Mesic Longleaf Pine Flatwoods - Spodosol Woodland,27972332,614046.0,1276051.0,3889050.0,22193185.0,552.6414,1148.4459,3500.145,19973.8665,6.757023332913395,20.660225969003942
125,Forest & Woodland,Middle Rocky Mountain Montane Douglas-fir Forest & Woodland,21165354,2227477.0,1211918.0,13899305.0,3826654.0,2004.7293,1090.7262,12509.3745,3443.9885999999997,16.25011799944381,81.92019845262215
126,Shrub & Herb Vegetation,"Midwest Wet Prairie, Wet Meadow, & Seep",8206147,30771.0,642748.0,94935.0,7437693.0,27.6939,578.4732,85.44149999999999,6693.923699999999,8.207493723912087,9.364370392097534
127,Desert & Semi-Desert,Mojave Mid-Elevation Mixed Desert Scrub,38757752,9940450.0,9744410.0,10534820.0,8538072.0,8946.405,8769.969,9481.338,7684.2648,50.78947819264646,77.97067280888737
128,Desert & Semi-Desert,Mojave-Sonoran Bajada & Valley Desert Scrub,125124571,27331650.0,17566869.0,36483296.0,43742756.0,24598.485,15810.1821,32834.9664,39368.4804,35.883055295350424,65.04063458487302
129,Shrub & Herb Vegetation,North American Desert Alkaline-Saline Marsh & Playa,25839458,1038765.0,2412119.0,11424421.0,10964153.0,934.8885,2170.9071,10281.9789,9867.7377,13.355094367691459,57.568177320128
130,Shrub & Herb Vegetation,North American Desert Alkaline-Saline Wet Scrub,40855720,1852447.0,2305753.0,18618784.0,18078736.0,1667.2023,2075.1776999999997,16756.9056,16270.8624,10.177767029928734,55.74980443374881
131,Shrub & Herb Vegetation,North American Warm Desert Riparian Low Bosque & Shrubland,2137606,280836.0,141907.0,428551.0,1286312.0,252.7524,127.71629999999999,385.6959,1157.6807999999999,19.77646956455025,39.82464495327951
132,Desert & Semi-Desert,North American Warm Desert Ruderal Scrub,76855630,1035669.0,1147359.0,16637826.0,58034776.0,932.1021,1032.6231,14974.0434,52231.2984,2.8404269147230985,24.488582033612893
133,Desert & Semi-Desert,"North American Warm Semi-Desert Cliff, Scree & Pavement Sparse Vegetation",13085940,5487363.0,1331697.0,3046742.0,3220138.0,4938.6267,1198.5273,2742.0678,2898.1241999999997,52.10982168648183,75.3923829698134
134,Desert & Semi-Desert,North American Warm Semi-Desert Dunes & Sand Flats,7294208,1398857.0,312092.0,1863701.0,3719558.0,1258.9713,280.8828,1677.3309,3347.6022,23.45626831590215,49.006691336468606
135,Shrub & Herb Vegetation,North Atlantic Coastal Beach,2374,31.0,178.0,0.0,2165.0,0.027899999999999998,0.1602,0.0,1.9485,8.803706823925864,8.803706823925864
136,Shrub & Herb Vegetation,North Atlantic Coastal Dune & Grassland,235765,23013.0,94502.0,17720.0,100530.0,20.7117,85.0518,15.948,90.477,49.84412444595254,57.36008313362883
137,Forest & Woodland,North Atlantic Maritime & Coastal Plain Forest,276895,3564.0,30138.0,21326.0,221867.0,3.2076,27.1242,19.1934,199.6803,12.171400711461024,19.87323714765525
138,Shrub & Herb Vegetation,North Pacific Acidic Open Bog & Fen,58022,11612.0,8267.0,12069.0,26074.0,10.4508,7.4403,10.8621,23.4666,34.261142325324876,55.06187308262383
139,"Polar & High Montane Scrub, Grassland & Barrens",North Pacific Alpine-Subalpine Bedrock & Scree,7627323,6671065.0,69482.0,824924.0,61852.0,6003.9585,62.5338,742.4316,55.666799999999995,88.37369284085649,99.18907328298539
140,"Polar & High Montane Scrub, Grassland & Barrens",North Pacific Alpine-Subalpine Dwarf-Shrubland & Heath,329572,235676.0,968.0,72507.0,20421.0,212.1084,0.8712,65.2563,18.378899999999998,71.80342990302574,93.80378187467382
141,Shrub & Herb Vegetation,North Pacific Coastal Cliff & Bluff,5878,332.0,176.0,2304.0,3066.0,0.2988,0.15839999999999999,2.0736,2.7594,8.642395372575706,47.83940115685608
142,Forest & Woodland,North Pacific Lowland Riparian Forest & Woodland,158667,10762.0,48075.0,9320.0,90510.0,9.6858,43.2675,8.388,81.459,37.08206495364506,42.9560021932727
143,Shrub & Herb Vegetation,North Pacific Maritime Coastal Beach & Dune,267634,5976.0,22372.0,93942.0,145344.0,5.3784,20.1348,84.5478,130.8096,10.592077239812578,45.69299864740653
144,Forest & Woodland,North Pacific Maritime Douglas-fir - Western Hemlock Forest,40959761,3148776.0,1350739.0,19838476.0,16621770.0,2833.8984,1215.6651,17854.628399999998,14959.592999999999,10.985208141229144,59.419270048963426
145,Forest & Woodland,North Pacific Maritime Hardwood - Conifer Swamp,857538,40422.0,55681.0,116501.0,644934.0,36.379799999999996,50.112899999999996,104.8509,580.4406,11.206850308674369,24.79237071709942
146,Forest & Woodland,North Pacific Maritime Silver Fir - Western Hemlock Forest,12701960,4859957.0,664925.0,6059435.0,1117643.0,4373.9613,598.4325,5453.4915,1005.8787,43.496295059975,91.20101937023892
147,Forest & Woodland,North Pacific Mountain Hemlock - Silver Fir Forest & Tree Island,8440625,6007434.0,137846.0,2123879.0,171466.0,5406.6906,124.06139999999999,1911.4911,154.3194,72.80598296927064,97.96856275453536
148,Forest & Woodland,North Pacific Red Alder - Bigleaf Maple - Douglas-fir Forest,6594004,47869.0,106363.0,2179561.0,4260211.0,43.0821,95.7267,1961.6049,3834.1899,2.338973406749526,35.392653689624694
149,Forest & Woodland,North Pacific Western Hemlock - Sitka Spruce - Western Red-cedar Seasonal Rainforest,4559431,311364.0,172238.0,1181592.0,2894237.0,280.2276,155.0142,1063.4328,2604.8133,10.606630520343439,36.52196951768762
150,Open Rock Vegetation,"North Vancouverian Montane Bedrock, Cliff & Talus Vegetation",1071877,708846.0,94525.0,221808.0,46698.0,637.9614,85.07249999999999,199.6272,42.0282,74.94992429168646,95.64334340600648
151,Forest & Woodland,North-Central Beech - Maple - Basswood Forest,41679696,202721.0,1456214.0,1845110.0,38175651.0,182.4489,1310.5926,1660.599,34358.0859,3.9801993757344105,8.407079072745637
152,Forest & Woodland,North-Central Oak - Hickory Forest & Woodland,55072997,545985.0,1899204.0,2653889.0,49973919.0,491.3865,1709.2836,2388.5000999999997,44976.5271,4.439905458568017,9.258762511144981
153,Forest & Woodland,Northeastern Chinquapin Oak - Red-cedar Forest & Woodland,28463528,187650.0,549024.0,2159009.0,25567845.0,168.885,494.1216,1943.1081,23011.0605,2.5881331365528544,10.173310209472277
154,Forest & Woodland,Northeastern Oak - Hickory Forest & Woodland,38951383,529988.0,1234805.0,8476554.0,28710036.0,476.9892,1111.3245,7628.8985999999995,25839.0324,4.530758253179354,26.292640238216958
155,Forest & Woodland,Northern & Central Native Ruderal Forest,77626987,263807.0,4280948.0,4832959.0,68249273.0,237.4263,3852.8532,4349.6631,61424.3457,5.854606980945944,12.08048175307899
156,Forest & Woodland,Northern Appalachian-Acadian Red Spruce - Fir - Hardwood Forest,34821300,2198150.0,2499593.0,4825179.0,25298378.0,1978.335,2249.6337,4342.6611,22768.5402,13.491004069348358,27.347979541257793
157,Forest & Woodland,Northern Atlantic Coastal Hardwood & - Conifer Swamp,4324569,31715.0,606286.0,343302.0,3343266.0,28.543499999999998,545.6573999999999,308.9718,3008.9393999999998,14.752938385304986,22.691347970167662
158,Forest & Woodland,Northern Great Plains Fescue Aspen Woodland,800,0.0,5.0,142.0,653.0,0.0,0.0045,0.1278,0.5877,0.625,18.375
159,Shrub & Herb Vegetation,Northern Great Plains Mixedgrass Prairie,234920874,404718.0,2587264.0,37889813.0,194039079.0,364.2462,2328.5376,34100.8317,174635.1711,1.2736126633004097,17.402367999022513
160,Forest & Woodland,Northern Great Plains Tallgrass Aspen Woodland,709003,1951.0,154726.0,38485.0,513841.0,1.7559,139.2534,34.6365,462.45689999999996,22.098213970885876,27.52625870412396
161,Forest & Woodland,Northern Rocky Mountain Whitebark Pine - Subalpine Larch Woodland,5522700,3270590.0,116240.0,1983995.0,151875.0,2943.531,104.616,1785.5955,136.6875,61.325619714994474,97.24998641968602
162,Shrub & Herb Vegetation,NorthernTallgrass Prairie,2819585,3102.0,436462.0,115830.0,2264191.0,2.7918,392.81579999999997,104.247,2037.7719,15.589670111026976,19.69772147319552
163,Forest & Woodland,Northwestern Great Plains-Black Hills Ponderosa Pine Forest & Woodland,26685955,112963.0,1358250.0,9585505.0,15629237.0,101.66669999999999,1222.425,8626.9545,14066.3133,5.513061084004676,41.432723693043776
164,Forest & Woodland,Oak - Sweetgum Floodplain Forest,94883021,546915.0,8070596.0,3446240.0,82819270.0,492.2235,7263.5364,3101.616,74537.343,9.082247707943447,12.714341167530913
165,Forest & Woodland,Ontario-Quebec Boreal Black Spruce Poor Swamp,33469818,1531108.0,5113077.0,12177793.0,14647840.0,1377.9972,4601.7693,10960.0137,13183.056,19.851273167962848,56.23567478018554
166,Forest & Woodland,Ontario-Quebec Boreal Flooded & Rich Swamp Forest,956249,19592.0,127658.0,238849.0,570150.0,17.6328,114.8922,214.9641,513.135,15.398708913682524,40.37640823676678
167,Open Water,Open Water,506349176,11869833.0,18924759.0,31078532.0,444476052.0,10682.849699999999,17032.2831,27970.678799999998,400028.4468,6.08169094759226,12.219457823310451
168,Shrub & Herb Vegetation,Oregon-Washington-British Columbia Vernal Pool,34628,10377.0,692.0,12916.0,10643.0,9.3393,0.6228,11.6244,9.5787,31.965461476261986,69.26475684417235
169,Forest & Woodland,Ozark-Ouachitas Mesic Forest,2607480,26970.0,166842.0,249704.0,2163964.0,24.273,150.1578,224.7336,1947.5675999999999,7.432923742463989,17.009373034500744
170,Agricultural & Developed Vegetation,Pasture & Hay Field Crop,655777154,593428.0,7294062.0,6843497.0,641046167.0,534.0852,6564.6557999999995,6159.1473,576941.5503,1.2027698665452442,2.2463403779998106
171,Shrub & Herb Vegetation,Piedmont Dome & Flatrock Vegetation,15856,981.0,2670.0,106.0,12099.0,0.8829,2.403,0.0954,10.8891,23.02598385469223,23.69450050454087
172,Forest & Woodland,Piedmont-Central Atlantic Coastal Plain Oak Forest,71049193,216201.0,1699426.0,2460563.0,66673003.0,194.58089999999999,1529.4833999999998,2214.5067,60005.7027,2.6961981116379463,6.159380304291422
173,Forest & Woodland,Pitch Pine Barrens,6415099,111400.0,806521.0,792422.0,4704756.0,100.25999999999999,725.8688999999999,713.1798,4234.2804,14.308758134519826,26.66120974906233
174,Forest & Woodland,Pond-cypress Basin Swamp,6445669,164412.0,233803.0,1186475.0,4860979.0,147.9708,210.4227,1067.8274999999999,4374.8811,6.178024344718911,24.585345601829694
175,Recently Disturbed or Modified,Recently Disturbed or Modified,217299476,7619101.0,6509238.0,30213252.0,172957885.0,6857.1909,5858.3142,27191.926799999997,155662.09649999999,6.501782360487606,20.405751461637212
176,Shrub & Herb Vegetation,Rocky Mountain & Great Basin Lowland & Foothill Riparian Shrubland,7194913,344075.0,384559.0,2573495.0,3892784.0,309.6675,346.1031,2316.1455,3503.5056,10.127071724147324,45.89532910265906
177,Shrub & Herb Vegetation,Rocky Mountain Acidic Fen,192121,5773.0,22559.0,66740.0,97049.0,5.1956999999999995,20.3031,60.065999999999995,87.3441,14.746956345219939,49.48548050447374
178,Open Rock Vegetation,"Rocky Mountain Cliff, Scree & Rock Vegetation",3311993,746567.0,212441.0,1695635.0,657350.0,671.9103,191.1969,1526.0715,591.615,28.95561675402092,80.15243389705232
179,Forest & Woodland,Rocky Mountain Douglas-fir - White Fir - Blue Spruce Mesic Forest,8569018,913594.0,485257.0,4966879.0,2203288.0,822.2346,436.7313,4470.1911,1982.9592,16.324519332320225,74.28774218936172
180,Forest & Woodland,Rocky Mountain Foothill-Rock Outcrop Limber Pine - Juniper Woodland,7546663,26540.0,772462.0,3931102.0,2816559.0,23.886,695.2158,3537.9918,2534.9031,10.587487476252749,62.678086990236615
181,Forest & Woodland,Rocky Mountain Lodgepole Pine Forest & Woodland,50258880,8737982.0,2038265.0,34969369.0,4513264.0,7864.1838,1834.4385,31472.432099999998,4061.9375999999997,21.441478600398575,91.01996701876365
182,Forest & Woodland,Rocky Mountain Subalpine Dry-Mesic Spruce - Fir Forest & Woodland,90633412,31139851.0,3037350.0,51177068.0,5279143.0,28025.8659,2733.615,46059.3612,4751.2287,37.70927326447778,94.17527942123596
183,Forest & Woodland,Rocky Mountain Subalpine-Montane Aspen Forest & Woodland,35010363,2702825.0,825940.0,21016082.0,10465516.0,2432.5425,743.346,18914.4738,9418.964399999999,10.079201406737772,70.10737649306864
184,Forest & Woodland,Rocky Mountain Subalpine-Montane Limber Pine - Bristlecone Pine Woodland,1554715,447588.0,68938.0,853765.0,184424.0,402.8292,62.0442,768.3885,165.9816,33.22319524800365,88.1377615833127
185,Shrub & Herb Vegetation,Rocky Mountain Subalpine-Montane Mesic Grassland & Meadow,12263519,2762525.0,459820.0,4874792.0,4166382.0,2486.2725,413.83799999999997,4387.3128,3749.7437999999997,26.27585931900949,66.02621156292903
186,Forest & Woodland,Rocky Mountain-Great Basin Montane Riparian Forest,9439705,472547.0,611818.0,3084750.0,5270590.0,425.2923,550.6362,2776.275,4743.531,11.487276350267301,44.165733992746596
187,Forest & Woodland,Rocky Mountain-Great Basin Swamp Forest,64471,4680.0,479.0,16423.0,42889.0,4.212,0.4311,14.7807,38.6001,8.00204743217881,33.47551612352841
188,"Polar & High Montane Scrub, Grassland & Barrens",Rocky Mountain-Sierran Alpine Bedrock & Scree,7381907,4448943.0,166781.0,2487752.0,278431.0,4004.0487,150.1029,2238.9768,250.5879,62.527528455722894,96.2281968602422
189,"Polar & High Montane Scrub, Grassland & Barrens",Rocky Mountain-Sierran Alpine Dwarf-Shrubland,600508,452477.0,9704.0,129983.0,8344.0,407.22929999999997,8.7336,116.9847,7.5096,76.96500296415701,98.6105097683961
190,"Polar & High Montane Scrub, Grassland & Barrens",Rocky Mountain-Sierran Alpine Turf & Fell-Field,14891703,9282751.0,308241.0,4570626.0,730085.0,8354.4759,277.4169,4113.5634,657.0765,64.40493743395231,95.09737066338215
191,Agricultural & Developed Vegetation,Row & Close Grain Crop Cultural Formation,1532431380,923175.0,12021648.0,12897931.0,1506588626.0,830.8575,10819.4832,11608.1379,1355929.7634,0.844724479604431,1.686388985326051
192,Forest & Woodland,Sand Pine Scrub Forest & Open Woodland,1096918,82411.0,84964.0,231033.0,698510.0,74.1699,76.4676,207.9297,628.659,15.258661084967153,36.320673012932595
193,Forest & Woodland,Shortleaf Pine - Oak Forest,52546966,418325.0,4352790.0,4668217.0,43107634.0,376.4925,3917.511,4201.3953,38796.8706,9.079715468253676,17.963609925642523
194,Forest & Woodland,Sierra-Cascade Cold-Dry Subalpine Woodland,4214342,2764283.0,88466.0,1288187.0,73406.0,2487.8547,79.6194,1159.3682999999999,66.0654,67.69144507019126,98.25818597541442
195,Forest & Woodland,Sierra-Cascade Red Fir - Mountain Hemlock Forest,6330000,3218303.0,50863.0,2716747.0,344087.0,2896.4727,45.7767,2445.0723,309.6783,51.645592417061614,94.56418641390205
196,Forest & Woodland,Silver Maple - Green Ash - Black Ash Floodplain Forest,18463603,230920.0,2382483.0,2514914.0,13335286.0,207.828,2144.2347,2263.4226,12001.7574,14.154350047496148,27.775277663844918
197,Forest & Woodland,Silver Maple - Green Ash - Sycamore Floodplain Forest,16877398,122364.0,927760.0,1426743.0,14400531.0,110.1276,834.9839999999999,1284.0687,12960.4779,6.22207285743928,14.675644906874863
198,Forest & Woodland,Silver Maple - Sugarberry - Sweetgum Floodplain Forest,26244238,548436.0,2123769.0,1580458.0,21991575.0,493.5924,1911.3921,1422.4122,19792.4175,10.182063582871029,16.20417784658103
199,Desert & Semi-Desert,Sonoran Paloverde - Mixed Cacti Desert Scrub,51641646,7487538.0,1006248.0,17459226.0,25688634.0,6738.7842,905.6232,15713.303399999999,23119.7706,16.447550877832207,50.255973638020755
200,Shrub & Herb Vegetation,South Atlantic & Gulf Coastal Beach,316735,26395.0,86182.0,28061.0,176097.0,23.755499999999998,77.5638,25.2549,158.4873,35.54296178193127,44.40241842549766
201,Shrub & Herb Vegetation,South Atlantic & Gulf Dune & Coastal Grassland,977812,142715.0,245755.0,18788.0,570554.0,128.4435,221.1795,16.9092,513.4986,39.728495866281044,41.6499286161348
202,Shrub & Herb Vegetation,South Florida Freshwater Marsh,8539622,1856606.0,722530.0,4579917.0,1380569.0,1670.9454,650.2769999999999,4121.9253,1242.5121,30.201992547211105,83.83337107895407
203,Forest & Woodland,South Florida Slash Pine Woodland,217095,22170.0,8903.0,168163.0,17859.0,19.953,8.0127,151.3467,16.0731,14.313088739952557,91.7736474815173
204,Forest & Woodland,South-Central Flatwoods & Pond Forest,5349,538.0,234.0,1242.0,3335.0,0.48419999999999996,0.21059999999999998,1.1178,3.0015,14.432604225088802,37.6518975509441
205,Forest & Woodland,South-Central Interior Oak Forest & Woodland,148633352,1451987.0,10030637.0,10478954.0,126671774.0,1306.7883,9027.5733,9431.0586,114004.59659999999,7.725469314585598,14.775672959323424
206,Shrub & Herb Vegetation,South-Central Patch Prairie,1235927,1453.0,25359.0,3112.0,1206003.0,1.3076999999999999,22.8231,2.8007999999999997,1085.4026999999999,2.169383790466589,2.421178597117791
207,Shrub & Herb Vegetation,Southeastern Coastal Plain Barrens & Glade,38322,4779.0,18404.0,0.0,15139.0,4.3011,16.5636,0.0,13.6251,60.49527686446427,60.49527686446427
208,Shrub & Herb Vegetation,Southeastern Coastal Plain Patch Prairie,1831682,815.0,33036.0,12030.0,1785801.0,0.7334999999999999,29.7324,10.827,1607.2209,1.8480828003987593,2.504856192286652
209,Shrub & Herb Vegetation,Southeastern Coastal Pocosin & Shrub Bog,5465120,229127.0,919284.0,950027.0,3366682.0,206.21429999999998,827.3556,855.0242999999999,3030.0137999999997,21.0134635653014,38.396924495710984
210,Forest & Woodland,Southeastern Great Plains Floodplain Forest,8498412,105931.0,731315.0,87832.0,7573334.0,95.33789999999999,658.1835,79.0488,6816.000599999999,9.851793488006935,10.885304219188244
211,Forest & Woodland,Southeastern Native Ruderal Forest,186988068,432567.0,3835007.0,8988950.0,173731544.0,389.3103,3451.5063,8090.054999999999,156358.3896,2.2822707596508245,7.089502630724009
212,Shrub & Herb Vegetation,Southern Appalachian Shrub Bald,87172,21978.0,7557.0,27038.0,30599.0,19.7802,6.8012999999999995,24.3342,27.539099999999998,33.881292158032394,64.8981324278438
213,Forest & Woodland,Southern Evergreen Oak Forest,3080359,74886.0,82857.0,142159.0,2780457.0,67.3974,74.5713,127.9431,2502.4112999999998,5.1209290865123185,9.735943115721252
214,Forest & Woodland,Southern Mesic Beech - Magnolia - Oak Forest,12648441,60910.0,337979.0,272488.0,11977064.0,54.818999999999996,304.1811,245.23919999999998,10779.3576,3.1536613879924014,5.3079822248449435
215,Forest & Woodland,Southern Mesic Beech - Oak - Mixed Deciduous Forest,12367222,8508.0,241815.0,354503.0,11762396.0,7.6572,217.6335,319.0527,10586.1564,2.024084309313765,4.890556666646721
216,Shrub & Herb Vegetation,Southern Rocky Mountain Gambel Oak - Mixed Montane Shrubland,23647504,494404.0,1085552.0,10332516.0,11735032.0,444.9636,976.9968,9299.2644,10561.5288,6.681280189232656,50.37517701656801
217,Forest & Woodland,Southern Rocky Mountain Juniper Open Woodland,13232445,71721.0,211429.0,1460588.0,11488707.0,64.5489,190.2861,1314.5292,10339.836299999999,2.1398161866533356,13.177746062802454
218,Shrub & Herb Vegetation,Southern Rocky Mountain Montane-Subalpine Grassland,13064758,1020086.0,435564.0,6095468.0,5513640.0,918.0774,392.00759999999997,5485.9212,4962.276,11.141806070958223,57.79761094694598
219,Shrub & Herb Vegetation,Southern Rocky Mountain Mountain-mahogany - Mixed Foothill Shrubland,3417151,20373.0,243107.0,1219560.0,1934111.0,18.3357,218.7963,1097.604,1740.6998999999998,7.710516743333848,43.399896580514
220,Forest & Woodland,Southern Rocky Mountain Pinyon - Juniper Woodland,17087759,345716.0,712611.0,5063969.0,10965463.0,311.1444,641.3498999999999,4557.5721,9868.9167,6.193480373874655,35.8285483778183
221,Forest & Woodland,Southern Rocky Mountain Ponderosa Pine Forest & Woodland,54321585,3548294.0,1735152.0,29724077.0,19314062.0,3193.4646,1561.6368,26751.669299999998,17382.6558,9.726236817279908,64.44495866606249
222,Forest & Woodland,Southern Rocky Mountain Ponderosa Pine Open WoodlandSavanna,4526,0.0,366.0,97.0,4063.0,0.0,0.32939999999999997,0.0873,3.6567,8.086610693769334,10.229783473265577
223,Forest & Woodland,Southern Rocky Mountain White Fir - Douglas-fir Dry Forest,11118376,1174965.0,703685.0,6629425.0,2610301.0,1057.4685,633.3165,5966.4825,2349.2709,16.896802194852917,76.52264143612341
224,Shrub & Herb Vegetation,Southern Tallgrass Prairie,17069729,1107.0,341175.0,19580.0,16707867.0,0.9963,307.0575,17.622,15037.0803,2.005198793724259,2.1199047741179724
225,Open Rock Vegetation,"Southern Vancouverian Cliff, Scree & Rock Vegetation",532883,312912.0,16398.0,147360.0,56213.0,281.6208,14.7582,132.624,50.591699999999996,61.79780552203768,89.45115531927271
226,Forest & Woodland,Southern Vancouverian Dry Douglas-fir - Madrone Woodland,3400580,79119.0,68866.0,1402014.0,1850581.0,71.2071,61.9794,1261.8126,1665.5229,4.351757641343536,45.58043039716754
227,Shrub & Herb Vegetation,"Southern Vancouverian Shrub & Herbaceous Bald, Bluff & Prairie",5475235,94237.0,289610.0,317195.0,4774193.0,84.8133,260.649,285.4755,4296.7737,7.010603197853609,12.80387051879965
228,Desert & Semi-Desert,Tamaulipan Dry Grassland,6018865,23477.0,14054.0,1380.0,5979954.0,21.1293,12.6486,1.242,5381.9586,0.6235561023548459,0.6464840131818873
229,Desert & Semi-Desert,Tamaulipan Dry Mesquite & Thornscrub,39880786,48508.0,105266.0,18633.0,39708379.0,43.657199999999996,94.7394,16.7697,35737.5411,0.3855841757983406,0.4323059229574863
230,Forest & Woodland,Tamaulipan Wet-Mesic Scrub Forest,1762149,60563.0,18891.0,7049.0,1675646.0,54.506699999999995,17.0019,6.3441,1508.0814,4.508926316673562,4.908949243225176
231,Shrub & Herb Vegetation,Temperate Pacific Freshwater Wet Mudflat,499084,6520.0,69588.0,29863.0,393113.0,5.867999999999999,62.6292,26.8767,353.8017,15.249537152062578,21.233099037436585
232,Aquatic Vegetation,Temperate Pacific Seagrass,218538,1871.0,12409.0,97643.0,106615.0,1.6839,11.168099999999999,87.8787,95.95349999999999,6.534332701864207,51.214434102993536
233,Shrub & Herb Vegetation,Temperate Pacific Tidal Salt-Brackish Marsh,730099,4805.0,208292.0,55177.0,461825.0,4.3245,187.4628,49.6593,415.6425,29.18741157021171,36.74487980397179
234,Forest & Woodland,Texas Live Oak - Wax Mallow Motte & Coastal Forest,3550697,188821.0,82866.0,3301.0,3275709.0,169.9389,74.57939999999999,2.9709,2948.1381,7.651652619189979,7.744620281595416
235,Shrub & Herb Vegetation,Vancouverian & Rocky Mountain Montane Wet Meadow & Marsh,3999448,949371.0,381351.0,1303337.0,1365389.0,854.4339,343.2159,1173.0033,1228.8500999999999,33.272641624544185,65.86056375779857
236,Shrub & Herb Vegetation,Vancouverian Freshwater Wet Meadow & Marsh,317377,114.0,17244.0,12357.0,287662.0,0.1026,15.519599999999999,11.1213,258.8958,5.469205392955382,9.362682235952825
237,Shrub & Herb Vegetation,Vancouverian Wet Shrubland,6280027,747071.0,338537.0,1567629.0,3626790.0,672.3639,304.6833,1410.8661,3264.111,17.286677270655044,42.24881517229145
238,Forest & Woodland,Virginia Pine-Table Mountain Pine Woodland & Barrens,707314,46957.0,32591.0,94611.0,533155.0,42.2613,29.3319,85.1499,479.8395,11.246490243371403,24.62258629123699
239,Desert & Semi-Desert,Warm Semi-Desert Shrub & Herb Dry Wash & Colluvial Slope,7449138,1152888.0,780998.0,3123659.0,2391593.0,1037.5991999999999,702.8982,2811.2931,2152.4337,25.961205175686096,67.89436576419983
240,Shrub & Herb Vegetation,Western Great Plains Saline Wet Meadow,3205923,12976.0,98766.0,1074546.0,2019635.0,11.6784,88.8894,967.0914,1817.6715,3.4854860831030567,37.0030097416563
241,Forest & Woodland,Western Gulf Coastal Plain Pine - Oak Forest & Woodland,30039707,86653.0,1063967.0,1391403.0,27497684.0,77.9877,957.5703,1252.2627,24747.9156,3.830330302489302,8.462209701312998
242,Forest & Woodland,Western Interior Riparian Forest & Woodland,7954534,789176.0,398222.0,2379576.0,4387560.0,710.2583999999999,358.39979999999997,2141.6184,3948.804,14.927310638184462,44.8420234296566
243,Shrub & Herb Vegetation,Western Madrean Chaparral,15570860,2129452.0,399470.0,7459039.0,5582899.0,1916.5067999999999,359.52299999999997,6713.1350999999995,5024.6091,16.241376519986694,64.14521099027286
244,Shrub & Herb Vegetation,Western Montane-Subalpine Riparian & Seep Shrubland,3154457,738787.0,100070.0,1559696.0,755904.0,664.9082999999999,90.063,1403.7264,680.3136,26.59275431556049,76.03695342811774
245,Shrub & Herb Vegetation,Western North American Montane Sclerophyll Scrub,1295005,274158.0,61715.0,495009.0,464123.0,246.7422,55.5435,445.5081,417.7107,25.936038856992834,64.16052447673947
246,Aquatic Vegetation,Western North American Temperate Freshwater Aquatic Bed,1936,13.0,93.0,65.0,1765.0,0.0117,0.0837,0.058499999999999996,1.5885,5.475206611570248,8.832644628099173
247,Agricultural & Developed Vegetation,Woody Horticultural Crop,854693,396.0,7635.0,4059.0,842603.0,0.3564,6.8715,3.6531,758.3426999999999,0.939635635251488,1.4145429996501668
248,Forest & Woodland,Xeric Longleaf Pine Woodland,9924099,136351.0,569052.0,1074202.0,8144494.0,122.71589999999999,512.1468,966.7818,7330.0446,7.107980281131819,17.93215686381202
